CREATE DATABASE  IF NOT EXISTS `proyecto` /*!40100 DEFAULT CHARACTER SET utf8mb4 COLLATE utf8mb4_0900_ai_ci */ /*!80016 DEFAULT ENCRYPTION='N' */;
USE `proyecto`;
-- MySQL dump 10.13  Distrib 8.0.28, for Win64 (x86_64)
--
-- Host: localhost    Database: proyecto
-- ------------------------------------------------------
-- Server version	8.0.28

/*!40101 SET @OLD_CHARACTER_SET_CLIENT=@@CHARACTER_SET_CLIENT */;
/*!40101 SET @OLD_CHARACTER_SET_RESULTS=@@CHARACTER_SET_RESULTS */;
/*!40101 SET @OLD_COLLATION_CONNECTION=@@COLLATION_CONNECTION */;
/*!50503 SET NAMES utf8 */;
/*!40103 SET @OLD_TIME_ZONE=@@TIME_ZONE */;
/*!40103 SET TIME_ZONE='+00:00' */;
/*!40014 SET @OLD_UNIQUE_CHECKS=@@UNIQUE_CHECKS, UNIQUE_CHECKS=0 */;
/*!40014 SET @OLD_FOREIGN_KEY_CHECKS=@@FOREIGN_KEY_CHECKS, FOREIGN_KEY_CHECKS=0 */;
/*!40101 SET @OLD_SQL_MODE=@@SQL_MODE, SQL_MODE='NO_AUTO_VALUE_ON_ZERO' */;
/*!40111 SET @OLD_SQL_NOTES=@@SQL_NOTES, SQL_NOTES=0 */;

--
-- Table structure for table `categorias`
--

DROP TABLE IF EXISTS `categorias`;
/*!40101 SET @saved_cs_client     = @@character_set_client */;
/*!50503 SET character_set_client = utf8mb4 */;
CREATE TABLE `categorias` (
  `idcategoria` int NOT NULL AUTO_INCREMENT,
  `nombre` varchar(45) NOT NULL,
  PRIMARY KEY (`idcategoria`),
  UNIQUE KEY `categoria_id_UNIQUE` (`idcategoria`),
  UNIQUE KEY `nombre_UNIQUE` (`nombre`)
) ENGINE=InnoDB AUTO_INCREMENT=3 DEFAULT CHARSET=utf8mb4 COLLATE=utf8mb4_0900_ai_ci;
/*!40101 SET character_set_client = @saved_cs_client */;

--
-- Dumping data for table `categorias`
--

LOCK TABLES `categorias` WRITE;
/*!40000 ALTER TABLE `categorias` DISABLE KEYS */;
INSERT INTO `categorias` VALUES (2,'Telefonos'),(1,'Zapatos');
/*!40000 ALTER TABLE `categorias` ENABLE KEYS */;
UNLOCK TABLES;

--
-- Table structure for table `clientes`
--

DROP TABLE IF EXISTS `clientes`;
/*!40101 SET @saved_cs_client     = @@character_set_client */;
/*!50503 SET character_set_client = utf8mb4 */;
CREATE TABLE `clientes` (
  `id` int NOT NULL AUTO_INCREMENT,
  `nombre` varchar(45) NOT NULL,
  `apellido1` varchar(45) NOT NULL,
  `apellido2` varchar(45) NOT NULL,
  `email` varchar(45) NOT NULL,
  `telefono` int NOT NULL,
  `fecha_inscrip` date NOT NULL,
  `idrole` int NOT NULL,
  `enable` bit(1) NOT NULL,
  `password` varchar(45) NOT NULL,
  PRIMARY KEY (`id`),
  UNIQUE KEY `email_UNIQUE` (`email`),
  KEY `idrole_idx` (`idrole`),
  CONSTRAINT `FKmy18fevqo2hb8x2od0bkwomuu` FOREIGN KEY (`idrole`) REFERENCES `roles` (`role_id`),
  CONSTRAINT `idrole` FOREIGN KEY (`idrole`) REFERENCES `role` (`idrole`)
) ENGINE=InnoDB AUTO_INCREMENT=2 DEFAULT CHARSET=utf8mb4 COLLATE=utf8mb4_0900_ai_ci;
/*!40101 SET character_set_client = @saved_cs_client */;

--
-- Dumping data for table `clientes`
--

LOCK TABLES `clientes` WRITE;
/*!40000 ALTER TABLE `clientes` DISABLE KEYS */;
INSERT INTO `clientes` VALUES (1,'joseph','mena','silesky','test@gmail.com',12345678,'2010-11-21',1,_binary '','test');
/*!40000 ALTER TABLE `clientes` ENABLE KEYS */;
UNLOCK TABLES;

--
-- Table structure for table `marca`
--

DROP TABLE IF EXISTS `marca`;
/*!40101 SET @saved_cs_client     = @@character_set_client */;
/*!50503 SET character_set_client = utf8mb4 */;
CREATE TABLE `marca` (
  `idmarca` int NOT NULL AUTO_INCREMENT,
  `nombre` varchar(45) NOT NULL,
  PRIMARY KEY (`idmarca`),
  UNIQUE KEY `nombre_UNIQUE` (`nombre`)
) ENGINE=InnoDB AUTO_INCREMENT=9 DEFAULT CHARSET=utf8mb4 COLLATE=utf8mb4_0900_ai_ci;
/*!40101 SET character_set_client = @saved_cs_client */;

--
-- Dumping data for table `marca`
--

LOCK TABLES `marca` WRITE;
/*!40000 ALTER TABLE `marca` DISABLE KEYS */;
INSERT INTO `marca` VALUES (1,'Adidas'),(2,'Reebok'),(3,'Samsung'),(8,'TEST');
/*!40000 ALTER TABLE `marca` ENABLE KEYS */;
UNLOCK TABLES;

--
-- Table structure for table `productos`
--

DROP TABLE IF EXISTS `productos`;
/*!40101 SET @saved_cs_client     = @@character_set_client */;
/*!50503 SET character_set_client = utf8mb4 */;
CREATE TABLE `productos` (
  `id` int NOT NULL AUTO_INCREMENT,
  `nombre` varchar(45) NOT NULL,
  `idmarca` int NOT NULL,
  `precio` int NOT NULL,
  `cantidad` int NOT NULL,
  `descripcion` longtext NOT NULL,
  `idurl` int NOT NULL,
  `idcategoria` int NOT NULL,
  PRIMARY KEY (`id`),
  UNIQUE KEY `id_UNIQUE` (`id`),
  KEY `idurl_idx` (`idurl`),
  KEY `idmarca_idx` (`idmarca`),
  KEY `idcategoria_idx` (`idcategoria`),
  CONSTRAINT `idcategoria` FOREIGN KEY (`idcategoria`) REFERENCES `categorias` (`idcategoria`),
  CONSTRAINT `idmarca` FOREIGN KEY (`idmarca`) REFERENCES `marca` (`idmarca`),
  CONSTRAINT `idurl` FOREIGN KEY (`idurl`) REFERENCES `url` (`idurl`)
) ENGINE=InnoDB AUTO_INCREMENT=13 DEFAULT CHARSET=utf8mb4 COLLATE=utf8mb4_0900_ai_ci;
/*!40101 SET character_set_client = @saved_cs_client */;

--
-- Dumping data for table `productos`
--

LOCK TABLES `productos` WRITE;
/*!40000 ALTER TABLE `productos` DISABLE KEYS */;
INSERT INTO `productos` VALUES (1,'Cloudfoam Pure 2.0',1,45000,16,'TENIS ADIDAS',1,1),(2,'Club C 85 Vintage Shoes',2,55000,30,'TENIS REEBOK',2,1),(3,'Galaxy S21',3,450000,10,'CECULAR SAMSUNG',3,2),(4,'Galaxy S21',3,450000,10,'CECULAR SAMSUNG',3,2),(5,'Galaxy S21',3,450000,10,'CECULAR SAMSUNG',3,2),(6,'Galaxy S21',3,450000,10,'CECULAR SAMSUNG',3,2),(7,'Galaxy S21',3,450000,10,'CECULAR SAMSUNG',3,2),(8,'Galaxy S21',3,450000,10,'CECULAR SAMSUNG',3,2),(9,'Galaxy S21',3,450000,10,'CECULAR SAMSUNG',3,2),(10,'Galaxy S21',3,450000,10,'CECULAR SAMSUNG',3,2),(11,'Galaxy S21',3,450000,10,'CECULAR SAMSUNG',3,2),(12,'Galaxy S21',3,450000,10,'CECULAR SAMSUNG',3,2);
/*!40000 ALTER TABLE `productos` ENABLE KEYS */;
UNLOCK TABLES;

--
-- Table structure for table `role`
--

DROP TABLE IF EXISTS `role`;
/*!40101 SET @saved_cs_client     = @@character_set_client */;
/*!50503 SET character_set_client = utf8mb4 */;
CREATE TABLE `role` (
  `idrole` int NOT NULL AUTO_INCREMENT,
  `nombre` varchar(45) NOT NULL,
  PRIMARY KEY (`idrole`),
  UNIQUE KEY `nombrerole_UNIQUE` (`nombre`),
  UNIQUE KEY `idrole_UNIQUE` (`idrole`)
) ENGINE=InnoDB AUTO_INCREMENT=6 DEFAULT CHARSET=utf8mb4 COLLATE=utf8mb4_0900_ai_ci;
/*!40101 SET character_set_client = @saved_cs_client */;

--
-- Dumping data for table `role`
--

LOCK TABLES `role` WRITE;
/*!40000 ALTER TABLE `role` DISABLE KEYS */;
INSERT INTO `role` VALUES (1,'admin'),(2,'employee'),(3,'level1'),(4,'level2'),(5,'level3');
/*!40000 ALTER TABLE `role` ENABLE KEYS */;
UNLOCK TABLES;

--
-- Table structure for table `roles`
--

DROP TABLE IF EXISTS `roles`;
/*!40101 SET @saved_cs_client     = @@character_set_client */;
/*!50503 SET character_set_client = utf8mb4 */;
CREATE TABLE `roles` (
  `role_id` int NOT NULL AUTO_INCREMENT,
  `name` varchar(45) NOT NULL,
  PRIMARY KEY (`role_id`)
) ENGINE=InnoDB AUTO_INCREMENT=9 DEFAULT CHARSET=utf8mb4 COLLATE=utf8mb4_0900_ai_ci;
/*!40101 SET character_set_client = @saved_cs_client */;

--
-- Dumping data for table `roles`
--

LOCK TABLES `roles` WRITE;
/*!40000 ALTER TABLE `roles` DISABLE KEYS */;
INSERT INTO `roles` VALUES (1,'USER'),(2,'CREATOR'),(3,'EDITOR'),(4,'ADMIN'),(5,'USER'),(6,'CREATOR'),(7,'EDITOR'),(8,'ADMIN');
/*!40000 ALTER TABLE `roles` ENABLE KEYS */;
UNLOCK TABLES;

--
-- Table structure for table `url`
--

DROP TABLE IF EXISTS `url`;
/*!40101 SET @saved_cs_client     = @@character_set_client */;
/*!50503 SET character_set_client = utf8mb4 */;
CREATE TABLE `url` (
  `idurl` int NOT NULL AUTO_INCREMENT,
  `url` varchar(45) NOT NULL,
  PRIMARY KEY (`idurl`),
  UNIQUE KEY `url_UNIQUE` (`url`)
) ENGINE=InnoDB AUTO_INCREMENT=5 DEFAULT CHARSET=utf8mb4 COLLATE=utf8mb4_0900_ai_ci;
/*!40101 SET character_set_client = @saved_cs_client */;

--
-- Dumping data for table `url`
--

LOCK TABLES `url` WRITE;
/*!40000 ALTER TABLE `url` DISABLE KEYS */;
INSERT INTO `url` VALUES (1,'/img/adidas.png'),(3,'/img/galaxy.jpg'),(2,'/img/reebok.png');
/*!40000 ALTER TABLE `url` ENABLE KEYS */;
UNLOCK TABLES;

--
-- Table structure for table `users`
--

DROP TABLE IF EXISTS `users`;
/*!40101 SET @saved_cs_client     = @@character_set_client */;
/*!50503 SET character_set_client = utf8mb4 */;
CREATE TABLE `users` (
  `user_id` int NOT NULL AUTO_INCREMENT,
  `username` varchar(45) NOT NULL,
  `password` varchar(64) DEFAULT NULL,
  `enabled` tinyint DEFAULT NULL,
  PRIMARY KEY (`user_id`),
  UNIQUE KEY `user_id_UNIQUE` (`user_id`),
  UNIQUE KEY `username_UNIQUE` (`username`)
) ENGINE=InnoDB AUTO_INCREMENT=8 DEFAULT CHARSET=utf8mb4 COLLATE=utf8mb4_0900_ai_ci;
/*!40101 SET character_set_client = @saved_cs_client */;

--
-- Dumping data for table `users`
--

LOCK TABLES `users` WRITE;
/*!40000 ALTER TABLE `users` DISABLE KEYS */;
INSERT INTO `users` VALUES (1,'patrick','$2a$10$cTUErxQqYVyU2qmQGIktpup5chLEdhD2zpzNEyYqmxrHHJbSNDOG.',1),(2,'alex','$2a$10$.tP2OH3dEG0zms7vek4ated5AiQ.EGkncii0OpCcGq4bckS9NOULu',1),(3,'john','$2a$10$E2UPv7arXmp3q0LzVzCBNeb4B4AtbTAGjkefVDnSztOwE7Gix6kea',1),(4,'namhm','$2a$10$GQT8bfLMaLYwlyUysnGwDu6HMB5G.tin5MKT/uduv2Nez0.DmhnOq',1),(5,'admin','$2a$10$IqTJTjn39IU5.7sSCDQxzu3xug6z/LPU6IF0azE/8CkHCwYEnwBX.',1),(6,'joseph','$2a$10$DyNkjnSXZF6zHAZYx5T7vuNM.5Ngz7VWH5WskJdRDsnM/Vh4XTa/m',1),(7,'roberto','$2a$10$e1C5toiuxAesnMS3K66p1uE1ZJEdm1Y7mtUxlrrJkNq/Kbs7MLNNq',1);
/*!40000 ALTER TABLE `users` ENABLE KEYS */;
UNLOCK TABLES;

--
-- Table structure for table `users_roles`
--

DROP TABLE IF EXISTS `users_roles`;
/*!40101 SET @saved_cs_client     = @@character_set_client */;
/*!50503 SET character_set_client = utf8mb4 */;
CREATE TABLE `users_roles` (
  `user_id` int NOT NULL,
  `role_id` int NOT NULL,
  KEY `user_fk_idx` (`user_id`),
  KEY `role_fk_idx` (`role_id`),
  CONSTRAINT `role_fk` FOREIGN KEY (`role_id`) REFERENCES `roles` (`role_id`),
  CONSTRAINT `user_fk` FOREIGN KEY (`user_id`) REFERENCES `users` (`user_id`)
) ENGINE=InnoDB DEFAULT CHARSET=utf8mb4 COLLATE=utf8mb4_0900_ai_ci;
/*!40101 SET character_set_client = @saved_cs_client */;

--
-- Dumping data for table `users_roles`
--

LOCK TABLES `users_roles` WRITE;
/*!40000 ALTER TABLE `users_roles` DISABLE KEYS */;
INSERT INTO `users_roles` VALUES (1,1),(2,2),(3,3),(4,2),(4,3),(5,4);
/*!40000 ALTER TABLE `users_roles` ENABLE KEYS */;
UNLOCK TABLES;
/*!40103 SET TIME_ZONE=@OLD_TIME_ZONE */;

/*!40101 SET SQL_MODE=@OLD_SQL_MODE */;
/*!40014 SET FOREIGN_KEY_CHECKS=@OLD_FOREIGN_KEY_CHECKS */;
/*!40014 SET UNIQUE_CHECKS=@OLD_UNIQUE_CHECKS */;
/*!40101 SET CHARACTER_SET_CLIENT=@OLD_CHARACTER_SET_CLIENT */;
/*!40101 SET CHARACTER_SET_RESULTS=@OLD_CHARACTER_SET_RESULTS */;
/*!40101 SET COLLATION_CONNECTION=@OLD_COLLATION_CONNECTION */;
/*!40111 SET SQL_NOTES=@OLD_SQL_NOTES */;

-- Dump completed on 2022-03-26 18:56:29
